{"loss": 0.02112516015768051, "PSNR": 21.216716766357422, "_timestamp": 1700045400.647886, "_runtime": 907.2514340877533, "_step": 957}