{"loss": 0.008641419932246208, "PSNR": 20.63414764404297, "_timestamp": 1700315900.019945, "_runtime": 436.39812779426575, "_step": 322}