{"loss_D": -104721.4296875, "loss_G": 50031.2265625, "D(G(z))": -50031.2265625, "_timestamp": 1680957171.3148122, "_runtime": 871.3453602790833, "_step": 31249, "_wandb": {"runtime": 870}}