{"loss": 0.05477585643529892, "PSNR": 12.61410903930664, "_timestamp": 1700380906.8744915, "_runtime": 1394.3367693424225, "_step": 12261}