{"loss": 0.0045195166021585464, "PSNR": 23.449079513549805, "_timestamp": 1700313596.8616452, "_runtime": 611.0341672897339, "_step": 449}