{"loss": 0.08725376427173615, "PSNR": 19.68095588684082, "_timestamp": 1700668464.2963467, "_runtime": 2984.1792957782745, "_step": 18778, "_wandb": {"runtime": 2977}}