{"loss": 0.0027183485217392445, "PSNR": 25.656949996948242, "_timestamp": 1700326080.631493, "_runtime": 342.44077801704407, "_step": 1153}