{"loss": 0.0031736388336867094, "PSNR": 24.984426498413086, "_timestamp": 1700294755.540832, "_runtime": 6662.821970939636, "_step": 7042}