{"loss": 0.05081140995025635, "PSNR": 23.2498836517334, "_timestamp": 1700730893.6204882, "_runtime": 12394.289744138718, "_step": 16480}