{"loss": 0.004894412122666836, "PSNR": 23.102996826171875, "_timestamp": 1700312560.621319, "_runtime": 1399.3476250171661, "_step": 431}