{"acc": 0.9244047129467942, "loss": 0.08785559628111077, "_timestamp": 1680354657.128382, "_runtime": 11.106729984283447, "_step": 7, "_wandb": {"runtime": 9}}