{"loss": 0.022167591378092766, "PSNR": 19.885452270507812, "_timestamp": 1700056683.71926, "_runtime": 4459.14879989624, "_step": 4770}