{"loss": 0.013447325676679611, "PSNR": 23.05864143371582, "_timestamp": 1700229570.5179927, "_runtime": 10956.23759675026, "_step": 11739}