{"loss": 0.04440370947122574, "PSNR": 24.132293701171875, "_timestamp": 1700677858.867217, "_runtime": 8431.678253173828, "_step": 55096, "_wandb": {"runtime": 8433}}