{"loss_D": -1.009736180305481, "loss_G": -1.926279067993164, "D(G(z))": 1.926279067993164, "_timestamp": 1681028099.0711632, "_runtime": 1104.081083059311, "_step": 18749, "_wandb": {"runtime": 1103}}