{"loss_D": -20.338592529296875, "loss_G": -104.04659271240234, "D(G(z))": 104.04659271240234, "_timestamp": 1683800856.8901882, "_runtime": 4470.033209323883, "_step": 21614, "_wandb": {"runtime": 4468}}