{"loss": 0.007820311933755875, "PSNR": 21.067760467529297, "_timestamp": 1700317679.7926922, "_runtime": 490.1380982398987, "_step": 318}