{"loss": 0.008411679416894913, "PSNR": 20.75117301940918, "_timestamp": 1700297346.813782, "_runtime": 245.44695687294006, "_step": 447}