{"loss_D": -551.6775512695312, "loss_G": 430.0716552734375, "D(G(z))": -430.0716552734375, "_timestamp": 1681026016.2344174, "_runtime": 541.4398665428162, "_step": 7319, "_wandb": {"runtime": 540}}