{"loss": 0.003318818286061287, "PSNR": 24.790164947509766, "_timestamp": 1700321997.032934, "_runtime": 3930.9952669143677, "_step": 2398}