{"loss": 0.005278693046420813, "PSNR": 22.774736404418945, "_timestamp": 1700286845.450841, "_runtime": 810.1493530273438, "_step": 2228}