{"loss_D": -5.1364922523498535, "loss_G": -18.5006046295166, "D(G(z))": 18.5006046295166, "_timestamp": 1681283226.4086406, "_runtime": 960.974556684494, "_step": 11729, "_wandb": {"runtime": 959}}