{"loss": 0.058304011821746826, "PSNR": 22.287883758544922, "_timestamp": 1700718175.9656258, "_runtime": 79.15262079238892, "_step": 84}