{"loss_D": -0.5457934141159058, "loss_G": 6.533881187438965, "D(G(z))": -6.533881187438965, "_timestamp": 1681030196.8058562, "_runtime": 264.23088026046753, "_step": 1790, "_wandb": {"runtime": 263}}