{"loss": 0.0030580624006688595, "PSNR": 25.145538330078125, "_timestamp": 1700333581.61954, "_runtime": 5615.3172969818115, "_step": 4477}