{"loss": 0.012703534215688705, "PSNR": 18.960756301879883, "_timestamp": 1700314113.5340447, "_runtime": 142.51168966293335, "_step": 129}