{"loss": 0.006243435200303793, "PSNR": 22.045764923095703, "_timestamp": 1700326965.535803, "_runtime": 218.84858107566833, "_step": 651}