{"loss": 0.07194817066192627, "PSNR": 11.429801940917969, "_timestamp": 1700377459.903701, "_runtime": 590.9230260848999, "_step": 5208, "_wandb": {"runtime": 588}}