{"loss": 0.014814399182796478, "PSNR": 18.29315948486328, "_timestamp": 1700327726.6976502, "_runtime": 656.5738792419434, "_step": 2279, "_wandb": {"runtime": 655}}