{"loss": 0.007392317056655884, "PSNR": 21.312196731567383, "_timestamp": 1700285925.415393, "_runtime": 493.42255902290344, "_step": 1725}