{"loss_D": -12.430720329284668, "loss_G": -2.554324150085449, "D(G(z))": 2.554324150085449, "_timestamp": 1681298718.4915566, "_runtime": 7467.38782954216, "_step": 21614, "_wandb": {"runtime": 7466}}