{"loss_D": -1.6097991466522217, "loss_G": -2.3348045349121094, "D(G(z))": 2.3348045349121094, "_timestamp": 1681026820.2607336, "_runtime": 755.4812157154083, "_step": 11729, "_wandb": {"runtime": 754}}