{"loss_D": -5415.65283203125, "loss_G": 3891.74658203125, "D(G(z))": -3891.74658203125, "_timestamp": 1681025354.6602619, "_runtime": 442.5509889125824, "_step": 6255}