{"loss": 0.0011397467611823232, "_timestamp": 1680358082.5976355, "_runtime": 207.30869960784912, "_step": 19, "psnr": 17.49725914001465, "_wandb": {"runtime": 203}}