{"loss_D": -8.013911247253418, "loss_G": 23.079940795898438, "D(G(z))": -23.079940795898438, "_timestamp": 1681030856.8702593, "_runtime": 172.85158038139343, "_step": 1924, "_wandb": {"runtime": 172}}