{"loss": 0.009450342506170273, "PSNR": 20.24552345275879, "_timestamp": 1700303573.13189, "_runtime": 610.6726701259613, "_step": 221}