{"loss": 0.003083373885601759, "PSNR": 25.109737396240234, "_timestamp": 1700365158.0705006, "_runtime": 736.0774295330048, "_step": 978}