{"loss": 0.048257552087306976, "PSNR": 21.9268798828125, "_timestamp": 1700548068.304849, "_runtime": 2933.635913848877, "_step": 6040}