{"loss": 0.0049543604254722595, "PSNR": 23.050125122070312, "_timestamp": 1700323986.2416534, "_runtime": 153.40194749832153, "_step": 378}