{"loss": 0.00561552494764328, "PSNR": 22.50609588623047, "_timestamp": 1700307836.452378, "_runtime": 2436.5149281024933, "_step": 1010}