{"loss": 0.006261168979108334, "PSNR": 22.033445358276367, "_timestamp": 1700324427.1991248, "_runtime": 161.72318387031555, "_step": 301}