{"loss_D": -2.111910581588745, "loss_G": -7.742854595184326, "D(G(z))": 7.742854595184326, "_timestamp": 1681285494.7149293, "_runtime": 1131.1960363388062, "_step": 21614, "_wandb": {"runtime": 1129}}