{"loss": NaN, "PSNR": NaN, "_timestamp": 1700661308.0247862, "_runtime": 348.54778122901917, "_step": 343}