epoch,step,loss
0,49,0.08960571140050888
0,99,0.0616854727268219
0,149,0.02457849308848381
