{"loss": 0.03645472228527069, "PSNR": 17.040374755859375, "_timestamp": 1700040442.9382827, "_runtime": 332.0618257522583, "_step": 987}