{"loss_D": -0.8320093154907227, "loss_G": -3.6605517864227295, "D(G(z))": 3.6605517864227295, "_timestamp": 1681034683.5678074, "_runtime": 3584.416914463043, "_step": 46874, "_wandb": {"runtime": 3583}}