{"loss": 0.012283137999475002, "PSNR": 19.10690689086914, "_timestamp": 1700316167.8839452, "_runtime": 233.82891821861267, "_step": 166}