{"loss": 0.00367804616689682, "PSNR": 24.343826293945312, "_timestamp": 1700324243.9479785, "_runtime": 224.17048954963684, "_step": 600}