{"loss": 0.027111556380987167, "PSNR": 25.399261474609375, "_timestamp": 1700577558.9311388, "_runtime": 19704.719094753265, "_step": 38531}