{"loss": 0.02417997270822525, "PSNR": 26.809770584106445, "_timestamp": 1700638152.0587773, "_runtime": 80297.84673333168, "_step": 161499, "_wandb": {"runtime": 80391}}