{"loss": 21.185279846191406, "PSNR": -15.136983871459961, "_timestamp": 1700641279.773356, "_runtime": 108.93308997154236, "_step": 226}