{"loss": NaN, "PSNR": NaN, "conv_weight": NaN, "_timestamp": 1700663462.3192897, "_runtime": 116.42815971374512, "_step": 356}