{"loss": 0.009775122627615929, "PSNR": 20.098777770996094, "_timestamp": 1700327901.4465055, "_runtime": 142.87653255462646, "_step": 328}