{"loss_D": 103.7756576538086, "loss_G": 327688.4375, "D(G(z))": -327688.4375, "_timestamp": 1681023401.3532772, "_runtime": 1459.0562431812286, "_step": 54999}