{"loss": 0.009565507993102074, "PSNR": 20.19291877746582, "_timestamp": 1700315012.5783553, "_runtime": 527.056134223938, "_step": 298}