{"loss": 0.03281109035015106, "PSNR": 25.006088256835938, "_timestamp": 1700375801.4565337, "_runtime": 414.821489572525, "_step": 1506}