{"loss": 0.005887094885110855, "PSNR": 22.300989151000977, "_timestamp": 1700302843.8126216, "_runtime": 3060.4463205337524, "_step": 968}