{"loss": 0.007441164460033178, "PSNR": 21.283592224121094, "_timestamp": 1700297053.4204946, "_runtime": 386.8589255809784, "_step": 798}