{"loss": 0.005113818682730198, "PSNR": 22.912548065185547, "_timestamp": 1700325358.3375463, "_runtime": 143.65264439582825, "_step": 389}