{"loss": 0.0044795796275138855, "PSNR": 23.487627029418945, "_timestamp": 1700378215.0141776, "_runtime": 262.6299476623535, "_step": 1977}