{"loss": 0.0076333931647241116, "PSNR": 21.17282485961914, "_timestamp": 1700326259.774922, "_runtime": 96.24852681159973, "_step": 281, "_wandb": {"runtime": 93}}