{"loss": 0.009320231154561043, "PSNR": 20.30573272705078, "_timestamp": 1700314458.3891447, "_runtime": 314.2038495540619, "_step": 218}