{"loss": 0.003510990645736456, "PSNR": 24.545703887939453, "_timestamp": 1700379337.0594432, "_runtime": 231.97873330116272, "_step": 2084}