{"loss": 0.09910280257463455, "PSNR": 10.706015586853027, "_timestamp": 1700040795.3612716, "_runtime": 150.92371273040771, "_step": 364}