{"loss": 0.0006774749420583249, "_timestamp": 1680357653.3321276, "_runtime": 301.80546951293945, "_step": 29, "psnr": 19.976627349853516}