{"loss": 0.004423015285283327, "PSNR": 23.542816162109375, "_timestamp": 1700305360.8291683, "_runtime": 1674.82821726799, "_step": 1415}