{"loss": 0.024586718529462814, "PSNR": 26.739112854003906, "_timestamp": 1700556411.5550396, "_runtime": 7970.5185425281525, "_step": 16149, "_wandb": {"runtime": 7989}}