{"loss_D": 0.0683862641453743, "loss_G": 3.4820613861083984, "D(G(z))": 0.043605923652648926, "_timestamp": 1680950359.2713892, "_runtime": 559.8970153331757, "_step": 31249, "_wandb": {"runtime": 559}}