{"loss": NaN, "PSNR": NaN, "_timestamp": 1700662668.046238, "_runtime": 162.13900899887085, "_step": 369}