{"loss_D": -51476.79296875, "loss_G": 25715.79296875, "D(G(z))": -25715.79296875, "_timestamp": 1680958105.8766026, "_runtime": 300.1326186656952, "_step": 3124}