{"loss": 0.011846393346786499, "PSNR": 23.756685256958008, "_timestamp": 1700135924.6378136, "_runtime": 79211.40073657036, "_step": 86299, "_wandb": {"runtime": 79253}}