{"loss": 0.07686716318130493, "PSNR": 11.142592430114746, "_timestamp": 1700285353.641103, "_runtime": 149.2649221420288, "_step": 526}