{"loss": 0.003174061421304941, "PSNR": 24.98384666442871, "_timestamp": 1700325044.5990832, "_runtime": 510.61220622062683, "_step": 748}