{"loss": 0.03342391178011894, "PSNR": 22.95119285583496, "_timestamp": 1700373148.2367775, "_runtime": 5507.476765632629, "_step": 4935}