{"loss": 0.009890622459352016, "PSNR": 20.047761917114258, "_timestamp": 1700316589.141034, "_runtime": 396.4381239414215, "_step": 184}