{"loss": 0.0051611438393592834, "PSNR": 22.872541427612305, "_timestamp": 1700377904.1514013, "_runtime": 304.814617395401, "_step": 2293}