{"loss": 0.027682041749358177, "PSNR": 20.138561248779297, "_timestamp": 1700047056.0766907, "_runtime": 763.2289636135101, "_step": 862}