{"loss": 0.10010498017072678, "PSNR": 11.015007019042969, "_timestamp": 1700040090.7186234, "_runtime": 63.83552837371826, "_step": 136}