{"loss_D": -495.41094970703125, "loss_G": -152.73475646972656, "D(G(z))": 152.73475646972656, "_timestamp": 1681300486.685109, "_runtime": 35.82914590835571, "_step": 36, "_wandb": {"runtime": 34}}