{"loss": 0.004148612730205059, "PSNR": 23.820972442626953, "_timestamp": 1700311093.2705305, "_runtime": 876.8802945613861, "_step": 637}