{"loss": 0.007737807929515839, "PSNR": 21.113819122314453, "_timestamp": 1700299484.7603505, "_runtime": 1580.8548305034637, "_step": 623}