{"loss": 0.04989086091518402, "PSNR": 14.916533470153809, "_timestamp": 1700039479.3862476, "_runtime": 305.5697796344757, "_step": 922}