{"loss": 0.019714895635843277, "PSNR": 17.05205535888672, "_timestamp": 1700287951.4143295, "_runtime": 176.51962041854858, "_step": 68}