{"loss_D": 0.0, "loss_G": 2.1606687994335516e-07, "D(G(z))": 0.9999997615814209, "_timestamp": 1680946573.4806497, "_runtime": 218.2989456653595, "_step": 9999}