{"loss_D": -15.596612930297852, "loss_G": -41.46342849731445, "D(G(z))": 41.46342849731445, "_timestamp": 1681305521.8478212, "_runtime": 4091.8811342716217, "_step": 21614, "_wandb": {"runtime": 4090}}