{"loss": 0.007350280415266752, "PSNR": 21.336959838867188, "_timestamp": 1700287098.1140726, "_runtime": 219.313702583313, "_step": 786}