{"loss": 0.1562747359275818, "PSNR": 14.947282791137695, "_timestamp": 1700662253.731849, "_runtime": 74.90983295440674, "_step": 184, "_wandb": {"runtime": 256}}