{"loss": 0.016170157119631767, "PSNR": 17.912858963012695, "_timestamp": 1700313941.8575795, "_runtime": 203.02201557159424, "_step": 133}