{"loss": 0.26252466440200806, "PSNR": 10.279129981994629, "_timestamp": 1700661567.7808733, "_runtime": 128.54913139343262, "_step": 165, "_wandb": {"runtime": 120}}