{"loss": NaN, "PSNR": NaN, "conv_weight": NaN, "_timestamp": 1700663916.158128, "_runtime": 161.36707711219788, "_step": 745}