{"loss": 0.09236996620893478, "PSNR": 17.962421417236328, "_timestamp": 1700367611.3408318, "_runtime": 239.90983486175537, "_step": 19}