{"loss": 0.06680727005004883, "PSNR": 20.09309959411621, "conv_weight": -0.0039473287761211395, "_timestamp": 1700665414.6266782, "_runtime": 336.7665231227875, "_step": 1805}