{"loss_D": -17.751415252685547, "loss_G": 5.678885459899902, "D(G(z))": -5.678885459899902, "_timestamp": 1681281672.8494895, "_runtime": 974.3670313358307, "_step": 11729, "_wandb": {"runtime": 971}}