{"loss": 0.007110839243978262, "PSNR": 21.480791091918945, "_timestamp": 1700285119.395562, "_runtime": 667.6201889514923, "_step": 2168}