{"loss": 0.029783863574266434, "PSNR": 15.260190963745117, "_timestamp": 1700297632.5062363, "_runtime": 238.4479022026062, "_step": 67}