{"loss": 0.08633574098348618, "PSNR": 10.638093948364258, "_timestamp": 1700382210.7363124, "_runtime": 1255.5770893096924, "_step": 12023, "_wandb": {"runtime": 1253}}