{"loss": 0.0405072420835495, "PSNR": 13.924674034118652, "_timestamp": 1700287740.0544744, "_runtime": 129.2028684616089, "_step": 25}