{"loss_D": -5.10658073425293, "loss_G": -14.39924430847168, "D(G(z))": 14.39924430847168, "_timestamp": 1681289241.258379, "_runtime": 3184.9080560207367, "_step": 21614, "_wandb": {"runtime": 3183}}