{"loss_D": 7.823111047855491e-08, "loss_G": 1.803043915060698e-06, "_timestamp": 1680946078.5852761, "_runtime": 133.45835709571838, "_step": 5596, "_wandb": {"runtime": 131}}