{"loss_D": -4.510213375091553, "loss_G": 3.3607215881347656, "D(G(z))": -3.3607215881347656, "_timestamp": 1681029776.3880584, "_runtime": 449.16989040374756, "_step": 1883}