{"loss": 0.004392535425722599, "PSNR": 23.572847366333008, "_timestamp": 1700308963.2065089, "_runtime": 1043.3105387687683, "_step": 654}