{"loss": 0.008571910671889782, "PSNR": 20.66922378540039, "_timestamp": 1700296605.864093, "_runtime": 342.4786741733551, "_step": 689}