{"loss": 0.006686979439109564, "PSNR": 21.74770164489746, "_timestamp": 1700315411.573854, "_runtime": 358.59234285354614, "_step": 242}