{"loss_D": -2.9139790534973145, "loss_G": -4.935305595397949, "D(G(z))": 4.935305595397949, "_timestamp": 1681284251.2626438, "_runtime": 954.6145179271698, "_step": 11729, "_wandb": {"runtime": 953}}