{"loss": 0.04460225626826286, "PSNR": 22.295377731323242, "_timestamp": 1700366540.3156872, "_runtime": 1303.7515370845795, "_step": 1401}