{"loss_D": -4.757567405700684, "loss_G": 26.60651397705078, "D(G(z))": -26.60651397705078, "_timestamp": 1680956204.928852, "_runtime": 306.110759973526, "_step": 9374}