{"loss": 0.002721749944612384, "PSNR": 25.651519775390625, "_timestamp": 1700378924.5433898, "_runtime": 394.1072127819061, "_step": 2940}