{"loss": 0.006455001421272755, "PSNR": 21.901037216186523, "_timestamp": 1700325515.7465968, "_runtime": 120.18828773498535, "_step": 321}