{"loss": NaN, "PSNR": NaN, "_timestamp": 1700661948.0563152, "_runtime": 119.63659310340881, "_step": 535}