{"loss": 0.00978769175708294, "PSNR": 20.093196868896484, "_timestamp": 1700325677.9779108, "_runtime": 131.11223673820496, "_step": 334}