{"loss": 0.04477126523852348, "PSNR": 22.548303604125977, "_timestamp": 1700376753.6155868, "_runtime": 859.418803691864, "_step": 9195}