{"loss": 0.01620127633213997, "PSNR": 17.904508590698242, "_timestamp": 1700287494.0968258, "_runtime": 335.5295169353485, "_step": 119}