{"loss": 0.0075009651482105255, "PSNR": 21.248828887939453, "_timestamp": 1700317134.1395419, "_runtime": 503.5998327732086, "_step": 275}