{"loss": 0.00410262867808342, "PSNR": 23.8693790435791, "_timestamp": 1700323294.0153549, "_runtime": 1240.4062659740448, "_step": 3649}