{"loss": 0.04179773107171059, "PSNR": 15.769306182861328, "_timestamp": 1700039994.7450728, "_runtime": 302.5227928161621, "_step": 793}