{"loss_D": -2320.51904296875, "loss_G": -3913.733642578125, "D(G(z))": 3913.733642578125, "_timestamp": 1680958694.3613336, "_runtime": 282.16511249542236, "_step": 9999}