{"loss": 0.07835178077220917, "PSNR": 11.0595121383667, "_timestamp": 1700318025.3683267, "_runtime": 210.05657768249512, "_step": 1, "_wandb": {"runtime": 207}}