{"loss_D": -0.8924912214279175, "loss_G": 6.344443321228027, "D(G(z))": -6.344443321228027, "_timestamp": 1681029122.0202756, "_runtime": 571.4195547103882, "_step": 6257, "_wandb": {"runtime": 570}}