{"loss": 0.09415633231401443, "PSNR": 10.823892593383789, "_timestamp": 1700040878.8533266, "_runtime": 63.37888550758362, "_step": 125}