{"loss_D": 0.6935691237449646, "loss_G": 2.086211919784546, "D(G(z))": 0.21294963359832764, "_timestamp": 1680949711.3170044, "_runtime": 286.185542345047, "_step": 12499, "_wandb": {"runtime": 285}}