{"loss": 0.004740120843052864, "PSNR": 23.242107391357422, "_timestamp": 1700323781.9763792, "_runtime": 310.19172525405884, "_step": 832}