{"loss": 0.02310674637556076, "PSNR": 18.770877838134766, "_timestamp": 1700044452.2901359, "_runtime": 3113.659584760666, "_step": 3451}