{"loss": 0.11587104201316833, "PSNR": 15.908538818359375, "conv_weight": -0.00017798830231186002, "_timestamp": 1700664485.6902778, "_runtime": 92.58066177368164, "_step": 223, "_wandb": {"runtime": 87}}