{"loss": 0.04745066910982132, "PSNR": 23.580551147460938, "_timestamp": 1700718367.678008, "_runtime": 148.36159205436707, "_step": 24}