{"loss_D": 1.0252655744552612, "loss_G": -12.042627334594727, "D(G(z))": 12.042627334594727, "_timestamp": 1681030329.4773655, "_runtime": 98.62341547012329, "_step": 784}