{"loss": 0.04292765259742737, "PSNR": 15.320281982421875, "_timestamp": 1700040572.2597845, "_runtime": 89.77083134651184, "_step": 219}